16:34:42,h22,&.LING:
-马50
&.LING:

安安:
邦   马马鹿金龙飞龙家猫野猫大象宝石青蛙金鱼白鱼各5  =55
安安:
邦   孔雀35
&.LING:

安安:
青蛙2螃蟹2兔子2猪10家猫2飞龙2猴子2合计22
安安:

猪5家猫5鸡10飞龙2青蛙2螃蟹2合计26
&.LING:

安安:
马鹿5鸽子5，燕子5，蝴蝶5，宝石5，老虎30
&.LING:
-蝴蝶5,兔子2大象5孔雀35宝石10家猫12燕子5猪15猴子2白鱼5老虎30蝴蝶0螃蟹4野猫5金鱼5金龙5青蛙9飞龙9马-45马鹿10鸡10鸽子5 合计13815:59:07,鱼3,缘来如此:
 ，老虎10燕子10大鹅10牛10宝石10
缘来如此:
尼姑10老鼠10老虎20鸡20猴子20马鹿10黄善10
缘来如此:
金龙，飞龙各10
缘来如此:
青蛙5金鱼5邦康
缘来如此:
鸡10
缘来如此:
马10老鼠20邦康,大鹅10宝石10尼姑10燕子10牛10猴子20老虎30老鼠30金鱼5金龙10青蛙5飞龙10马10马鹿10鳝鱼10鸡30 合计22016:30:21,鱼4,鱼的记忆:

星空物语:
鸽子5螃蟹5合计10
星空物语:
蛇3
鱼的记忆:

星空物语:
 邦宝石2
星空物语:
羊5螃蟹3
星空物语:
乌龟3，马5，宝石5，螃蟹3，羊5邦伞
鱼的记忆:

星空物语:
鸡40,乌龟3宝石7羊10蛇3螃蟹11马5鸡40鸽子5 合计8416:34:45,h22,&.LING:

安安:
马5蛇15宝石5蛇100
&.LING:

安安:
邦上螺丝2，兔子5，老鼠14，猪3，孔雀5，宝石3，合计32
安安:
鸡18，老虎5，夜猫2，猴子2，螃蟹3，飞龙50，合计80
&.LING:
，
安安:

邦上蛇2马2青蛙2飞龙2合计8
&.LING:
，
&.LING:

安安:
邦伞青蛙200
&.LING:
，,兔子5孔雀5宝石8猪3猴子2老虎5老鼠14蛇117螃蟹3螺蛳2野猫2青蛙202飞龙52马7鸡18 合计44516:15:48,wm3,小猪佩奇:

李萍:
蜘蛛20乌龟20尼姑10螃蟹20马10老虎10合计90
李萍:
金龙2。马鹿2。乌龟200。合计204
李萍:
马2，野猫15，孔雀15，尼姑20，鸡80，猪3，合计135
李萍:
马30，大象15。合计45
李萍:
螃蟹20。鳝鱼15。猪15。蜘蛛30。飞龙20。合计100
小猪佩奇:
,乌龟220大象15孔雀15尼姑30猪18老虎10蜘蛛50螃蟹40野猫15金龙2飞龙20马42马鹿2鳝鱼15鸡80 合计57416:34:48,h22,安安:
羊15鸡300
安安:
邦伞猪20，老虎15。白兔15。宝石30。野猫30。螃蟹15。羊30。马10。牛15。孔雀10，燕子10，合计200
安安:
猪5马5野猫5白鱼5鸡5飞龙5乌龟5
&.LING:
,乌龟5兔子15孔雀10宝石30燕子10牛15猪25白鱼5羊45老虎15螃蟹15野猫35飞龙5马15鸡305 合计55016:15:16,鱼4,星空物语:
鸽子，燕子各150
星空物语:
马5,燕子150马5鸽子150 合计30516:34:50,h22,&.LING:

安安:
邦伞尼姑20，飞龙5，蜘蛛6，螃蟹5，飞龙13，家猫10，合计59
安安:
螃蟹10，飞龙10，合计20
安安:
邦伞，家猫5鸽子5猴子5白鱼5蜘蛛5合计25
&.LING:
,家猫15尼姑20猴子5白鱼5蜘蛛11螃蟹15飞龙28鸽子5 合计10415:32:38,wm3,小猪佩奇:

李萍:
大象3鸡3螺丝3老虎3金鱼3乌龟2野猫2家猫2尼姑2猪2牛2蜘蛛2鸽子2老鼠2孔雀2大鹅2合计37
李萍:
蝴蝶5马10乌龟10老鼠3合计13
李萍:
老虎10金鱼5合计15
小猪佩奇:
,乌龟12大象3大鹅2孔雀2家猫2尼姑2牛2猪2老虎13老鼠5蜘蛛2蝴蝶5螺蛳3野猫2金鱼8马10鸡3鸽子2 合计8015:31:02,h23,菊花:
螃蟹25元  邦上
&.LING:

菊花:
马鹿2猪2合计4
&.LING:

菊花:
马5乌龟5猪10合计20
&.LING:

菊花:
螃蟹10马3蜘蛛3合计16,乌龟5猪12蜘蛛3螃蟹35马8马鹿2 合计6516:34:26,wm4,空白格:
乌龟150，猪100，螺蛳50 飞龙50
小猪佩奇:

空白格:
猪50  蛇30 猴子30鳝鱼50 老鼠 30鸽子30,乌龟150猪150猴子30老鼠30蛇30螺蛳50飞龙50鳝鱼50鸽子30 合计57015:31:04,h23,&.LING:

菊花:
马5白鱼5合计10
菊花:
尼姑4宝石3蜘蛛3合计10
&.LING:
,宝石3尼姑4白鱼5蜘蛛3马5 合计2016:02:20,鱼4,星空物语:
鸽子5，飞龙5，鸡5，合计15
星空物语:
孔雀5.飞龙5，鸡5
星空物语:
鸽子5家猫10蝴蝶10合计25
星空物语:
 
星空物语:
羊10 蛇5飞龙3马鹿3乌龟2兔子3鸽子2金鱼2鸡2老虎2牛2黄鳝2，邦伞,乌龟2兔子3孔雀5家猫10牛2羊10老虎2蛇5蝴蝶10金鱼2飞龙13马鹿3鳝鱼2鸡12鸽子12 合计9315:31:06,h23,菊花:
大象5飞龙3仙鹤2合计10
&.LING:
,仙鹤2大象5飞龙3 合计1016:29:14,鱼4,鱼的记忆:

星空物语:
宝石20马20
星空物语:
家猫5蛇3
鱼的记忆:
,宝石20家猫5蛇3马20 合计4815:31:09,h23,菊花:
鸽子5蜘蛛5螃蟹5家猫5夜猫5蝴蝶5合计30
菊花:
宝石6马3合计9
&.LING:

菊花:
邦伞鸡30
&.LING:
,宝石6家猫5蜘蛛5蝴蝶5螃蟹5野猫5马3鸡30鸽子5 合计6916:33:30,wm2,小猪佩奇:

观后感。:
老鼠20鸡10螃蟹10
观后感。:
帮伞 鸡 螃蟹   老鼠各5
小猪佩奇:

观后感。:
鸡30鸽子10合计40
观后感。:
鸡40
观后感。:
鸽子10
观后感。:
飞龙10
小猪佩奇:

观后感。:
帮伞，仙鹤2蛇3螃蟹2
观后感。:
鸡200邦伞
小猪佩奇:
稍等
观后感。:
鸡20黄鳝5老鼠5猪5
观后感。:
孔雀5
观后感。:
孔雀10
小猪佩奇:
 
观后感。:
螃蟹螺丝g3
蜘蛛螺丝马鹿仙鹤一样3,仙鹤5孔雀15猪5老鼠30蛇3蜘蛛3螃蟹20螺蛳6飞龙10马鹿3鳝鱼5鸡305鸽子20 合计43015:31:21,h23,菊花:
邦伞宝石45 老鼠10 老虎10合计65
菊花:
邦伞猪10鸡15燕子15乌龟10蛇10 螃蟹10家猫10合计80
&.LING:

菊花:
老虎3000元，白鱼500元，猴子500元，蝴蝶500元，金龙500元，螃蟹500元。合计5500
菊花:
邦伞 蝴蝶50 老鼠50合计100
菊花:
邦伞 宝石500
&.LING:
-老虎2000-蝴蝶550
&.LING:
,乌龟10宝石545家猫10燕子15猪10猴子500白鱼500老虎1010老鼠60蛇10蝴蝶0螃蟹510金龙500鸡15 合计369516:15:30,wm3,李萍:
乌龟10飞龙3尼姑3金鱼3白鱼3老虎3宝石3螃蟹3猴子5合计36
小猪佩奇:

李萍:
金鱼200白鱼10蛇10大象10，合计230
小猪佩奇:

李萍:
蛇110大鹅10老虎5合计125
小猪佩奇:

李萍:
蛇30乌龟3鸡2家猫5野猫5合计45
小猪佩奇:

李萍:
马10蛇10燕子10猴子10乌龟10金鱼10黄鳝10尼姑10仙鹤10家猫10鸡10合计110,乌龟23仙鹤10大象10大鹅10宝石3家猫15尼姑13燕子10猴子15白鱼13老虎8蛇160螃蟹3野猫5金鱼213飞龙3马10鳝鱼10鸡12 合计54615:31:25,h23,&.LING:

菊花:
猪4仙鹤4野猫6鸡6家猫6合计26
&.LING:

菊花:
猴子20宝石15老鼠15孔雀15螃蟹15白兔20猪15蛇15蝴蝶50白鹤15合计195
&.LING:
-蝴蝶50
&.LING:
,仙鹤19兔子20孔雀15宝石15家猫6猪19猴子20老鼠15蛇15蝴蝶0螃蟹15野猫6鸡6 合计17115:39:56,wm4,夜猫40
牛10
青蛙5
宝石50
金龙20
飞龙30
螃蟹25
老虎30
马20
白鹤30
金鱼10
乌龟5
老鼠15
黄鳝10
蛇40
蝴蝶10
马鹿10
金鱼10
鸽子10
合计380,乌龟5仙鹤30宝石50牛10老虎30老鼠15蛇40蝴蝶10螃蟹25野猫40金鱼20金龙20青蛙5飞龙30马20马鹿10鳝鱼10鸽子10 合计38016:08:56,h23,菊花:
第一场:乌龟1000马1200青蛙2000金鱼2200蛇1000合计7400
&.LING:
-青蛙2000-马1200
&.LING:
，
&.LING:
-蛇500-金鱼1200
&.LING:
,乌龟1000蛇500金鱼1000青蛙0马0 合计250015:51:46,鱼2,白鱼20金龙20马鹿20孔雀20螃蟹20，榜三，合计100,孔雀20白鱼20螃蟹20金龙20马鹿20 合计10016:09:02,h23,菊花:
家猫11
菊花:
蜘蛛4螃蟹2 鸡2仙鹤2合计10
&.LING:

菊花:
邦伞马10.马鹿15宝石5大象5鸡5合计40
菊花:
飞龙20金龙20白鱼20金鱼20乌龟20蜘蛛20孔雀20鸡20螃蟹20老虎20宝石20夜猫20老鼠20青蛙10尼姑10燕子10鸽子10合计300
&.LING:
-金鱼20-马10,乌龟20仙鹤2大象5孔雀20宝石25家猫11尼姑10燕子10白鱼20老虎20老鼠20蜘蛛24螃蟹22野猫20金鱼0金龙20青蛙10飞龙20马0马鹿15鸡27鸽子10 合计33116:01:53,鱼4,星空物语:
家猫25，金鱼5
鱼的记忆:

星空物语:
邦伞:猴子青蛙螃蟹牛老虎猪各50
星空物语:
仙鹤，金鱼，白鱼，尼姑，马鹿各50
鱼的记忆:
,仙鹤50家猫25尼姑50牛50猪50猴子50白鱼50老虎50螃蟹50金鱼55青蛙50马鹿50 合计58016:09:12,h23,菊花:
燕子5黄鳝20猪10螃蟹5蛇5仙鹤5合计50
菊花:
老虎15猪20螃蟹5尼姑15蛇5白鱼5青蛙10马30大象5金鱼20蝴蝶10老鼠5合计145
菊花:
飞龙16鸽子15尼姑5大象5宝石4鸡6仙鹤5蜘蛛4蝴蝶5白马5孔雀5老虎5合计80元
菊花:
白鱼5金鱼5野猫5老虎5合计20
菊花:
老鼠10兔子5金鱼5燕子7合计27
菊花:
大鹅5马5合计10
菊花:
牛5猪6白鱼3飞龙3蜘蛛3老鼠3鸽子3鸡3螃蟹3合计32
菊花:
猪5夜猫5螃蟹5合计15
菊花:
鸡3金鱼3飞龙3仙鹤3白鱼3青蛙3老鼠7合计25元
菊花:
燕子5老鼠5羊5马5蜘蛛10蝴蝶10飞龙3白鱼10鸡3鸽子8大鹅2青蛙5猴子5金鱼5合计73
&.LING:
，,仙鹤13兔子5大象10大鹅7孔雀5宝石4尼姑20燕子17牛5猪41猴子5白鱼26羊5老虎25老鼠30蛇10蜘蛛17蝴蝶25螃蟹18野猫10金鱼38青蛙18飞龙25马45鳝鱼20鸡15鸽子26 合计48516:15:04,鱼4,星空物语:
猪10牛5鳝鱼5老虎5
星空物语:
兔子15老鼠10野猫5 家猫5
星空物语:
打邦伞大鹅5
星空物语:
猪2，野猫2，猴子2马 2，螃蟹2，兔子2，仙鹤2，家猫2邦伞
星空物语:
宝石80,仙鹤2兔子17大鹅5宝石80家猫7牛5猪12猴子2老虎5老鼠10螃蟹2野猫7马2鳝鱼5 合计16116:09:15,h23,&.LING:
，
菊花:
鸡5老虎5夜猫5家猫5黄善5鸽子10蛇5马2螃蟹2仙鹤2兔子3乌龟5蝴蝶2合计56
菊花:
老鼠 5
&.LING:
，
菊花:
老虎3
&.LING:
，,乌龟5仙鹤2兔子3家猫5老虎8老鼠5蛇5蝴蝶2螃蟹2野猫5马2鳝鱼5鸡5鸽子10 合计6416:29:00,鱼4,乌龟3大象5大鹅8孔雀2宝石5家猫5燕子2牛2白鱼2羊8老鼠5蛇2蜘蛛8蝴蝶5螃蟹19螺蛳3野猫2金鱼7金龙10青蛙5飞龙25马5马鹿2鳝鱼2鸡8鸽子12 合计162,乌龟-3大象-5大鹅-8孔雀-2宝石-5家猫-5燕子-2牛-2白鱼-2羊-8老鼠-5蛇-2蜘蛛-8蝴蝶-5螃蟹-19螺蛳-3野猫-2金鱼-7金龙-10青蛙-5飞龙-25马-5马鹿-2鳝鱼-2鸡-8鸽子-12 合计-16216:35:04,h23,-鸽子36-马33-老虎26-老鼠20-蝴蝶27-燕子15,燕子-15老虎-26老鼠-20蝴蝶-27马-33鸽子-36 合计-15716:29:43,鱼4,鱼的记忆:

星空物语:
蛇，鳝鱼，鸽子，燕子，金鱼，白鱼，大象，螃蟹，野猫，鸡，牛各2块合计22
星空物语:
飞龙20
星空物语:
蝴蝶5家猫5
星空物语:
金龙5
星空物语:
大象3，鸡3，大鹅3，鸡3，羊3，螺丝3，邦伞
星空物语:
宝石5马鹿2孔雀2螃蟹2合计11
星空物语:
邦伞，老鼠5，大鹅5，青蛙5飞龙5，螃蟹5金龙5羊5马5金鱼5，
星空物语:
蜘蛛8
星空物语:
鸽子10螃蟹10 乌龟3,乌龟3大象5大鹅8孔雀2宝石5家猫5燕子2牛2白鱼2羊8老鼠5蛇2蜘蛛8蝴蝶5螃蟹19螺蛳3野猫2金鱼7金龙10青蛙5飞龙25马5马鹿2鳝鱼2鸡8鸽子12 合计16215:09:00,h24,??夜色,拾荒者:
蝴蝶猪家猫老鼠马鸽子青蛙G300
??夜色,拾荒者:
 老鼠26
??夜色,拾荒者:
鸽子800
??夜色,拾荒者:
青蛙蜘蛛各460
??夜色,拾荒者:
家猫老鼠蝴蝶青蛙鸽子马猪各800
??夜色,拾荒者:
蜘蛛110,家猫1100猪1100老鼠1126蜘蛛570蝴蝶1100青蛙1560马1100鸽子1900 合计955616:33:11,wm2,小猪佩奇:

观后感。:
邦伞 ：老虎 大象 蜘蛛  白兔 家猫 燕子 鸡 金鱼 马各3
观后感。:
班伞:宝石IO，马IO，大鹅10，飞龙IO，白鱼20，金鱼IO，马鹿IO，黄蟮IO，鸽子20，青蛙10，乌龟10，老鼠IO，合计:14O
观后感。:
邦伞 ：老虎 大象 蜘蛛  白兔 家猫 燕子 鸡 金鱼 马 乌龟 宝石 螃蟹 羊 牛  孔雀各10 合计150
观后感。:
螃蟹20蛇10黄鳝20猪30羊15乌龟10马10马鹿15
观后感。:
 鸡 螃蟹  兔子 老鼠一样2
观后感。:
鸡5
观后感。:
白鱼5大象3螺丝5
观后感。:
鸽子 燕子猴子兔子 猪 青蛙 牛 蜘蛛 蝴蝶 螃蟹一样3
观后感。:
乌龟3蝴蝶3牛3蜘蛛3
观后感。:
羊蜘蛛蛇牛一样2
观后感。:
羊5马鹿10尼姑5
观后感。:
马鹿12乌龟7蛇10,乌龟40兔子18大象16大鹅10孔雀10宝石20家猫13尼姑5燕子16牛18猪33猴子3白鱼25羊32老虎13老鼠12蛇22蜘蛛21蝴蝶6螃蟹35螺蛳5金鱼23青蛙13飞龙10马33马鹿47鳝鱼30鸡20鸽子23 合计57215:09:10,h24,??夜色,拾荒者:
邦伞 老鼠、马、猪、鸽子、蝴蝶、青蛙、家猫 各200
??夜色,拾荒者:
邦伞！家猫！鸽子！蝴蝶！马！青蛙！猪！老鼠各20
??夜色,拾荒者:
：家猫、、老鼠、马、猪、鸽子、蝴蝶、青蛙。 各100
??夜色,拾荒者:
邦伞！家猫！鸽子！蝴蝶！马！青蛙！猪！老鼠各50
??夜色,拾荒者:
马 鸽子 青蛙 家猫 蝴蝶 老鼠 猪各20
??夜色,拾荒者:
马 鸽子 青蛙 家猫 蝴蝶 老鼠 猪各20
??夜色,拾荒者:
青蛙60鸽子60
??夜色,拾荒者:
家猫老鼠马猪鸽子蝴蝶青蛙各600.
??夜色,拾荒者:
 蝴蝶6马6,家猫1010猪1010老鼠1010蝴蝶1016青蛙1070马1016鸽子1070 合计720216:33:49,wm2,小猪佩奇:
-鸡200
观后感。:
金鱼10
小猪佩奇:
 
观后感。:
马20
小猪佩奇:

观后感。:
鸽子10燕子5
小猪佩奇:
,燕子5金鱼10马20鸡-200鸽子10 合计-15515:09:15,h24,??夜色,拾荒者:
马 鸽子 青蛙 家猫 蝴蝶 猪 老鼠G50
??夜色,拾荒者:
蝴蝶800
??夜色,拾荒者:
马400.
??夜色,拾荒者:
猪20，老鼠15，黄鳝15
??夜色,拾荒者:
鸽子400.蝴蝶400.
&.LING:
，,家猫50猪70老鼠65蝴蝶1250青蛙50马450鳝鱼15鸽子450 合计240015:32:42,wm3,小猪佩奇:

李萍:
蛇10金鱼10白鱼10大象10野猫10宝石5合计55
李萍:
邦伞家猫40野猫20鳝鱼50乌龟50仙鹤20尼姑40金鱼70合计290
李萍:
家猫10猪5猴子5蜘蛛5马5螃蟹5兔子5仙鹤5蛇5鸡5黄鳝5合计60
小猪佩奇:

李萍:
金鱼60，螃蟹3宝石3蝴蝶3飞龙3老虎3老鼠3青蛙2合计80,乌龟50仙鹤25兔子5大象10宝石8家猫50尼姑40猪5猴子5白鱼10老虎3老鼠3蛇15蜘蛛5蝴蝶3螃蟹8野猫30金鱼140青蛙2飞龙3马5鳝鱼55鸡5 合计48515:09:20,h24,&.LING:
，
??夜色,拾荒者:
家猫20O马200鸽子200猪200老鼠200蝴蝶200青蛙200
??夜色,拾荒者:
家猫，马，蝴蝶，猪，青蛙，老鼠，鸽子各200
??夜色,拾荒者:
兔子80
??夜色,拾荒者:
马200鸽子200蝴蝶200
&.LING:
，
&.LING:

??夜色,拾荒者:
-蝴蝶200
&.LING:
,兔子80家猫400猪400老鼠400蝴蝶400青蛙400马600鸽子600 合计328016:15:35,wm3,李萍:
乌龟5，牛2，蝴蝶2，蜘蛛2，合计11
小猪佩奇:

李萍:
邦伞，白鱼10，宝石30，鸡10，金鱼10，尼姑20，合计80
小猪佩奇:

李萍:
邦伞，马30，燕子10飞龙10，鸡10，老鼠10，合计70
小猪佩奇:

李萍:
金鱼10仙鹤10蝴蝶6蛇4兔子4合计34,乌龟5仙鹤10兔子4宝石30尼姑20燕子10牛2白鱼10老鼠10蛇4蜘蛛2蝴蝶8金鱼20飞龙10马30鸡20 合计19515:09:24,h24,??夜色,拾荒者:
马400.青蛙400.
??夜色,拾荒者:
蛇600.燕子200.猴子200
&.LING:
，
&.LING:
 ,燕子200猴子200蛇600青蛙400马400 合计180016:31:59,wm3,李萍:
邦伞，大鹅5，鸡5，合计10
小猪佩奇:

李萍:
宝石15，尼姑5，羊5， 仙鹤5，合计30
小猪佩奇:

李萍:
仙鹤10     家猫10    金鱼10,仙鹤15大鹅5宝石15家猫10尼姑5羊5金鱼10鸡5 合计7015:09:46,h24, 
??夜色,拾荒者:
家猫200.
??夜色,拾荒者:
野猫20 鸡20 螃蟹20 猪20兔子20 羊20 老虎20
??夜色,拾荒者:
孔雀2
??夜色,拾荒者:
野猫10宝石15蜘蛛10 螃蟹15蛇5飞龙10，金鱼10鸽子15，乌龟15蝴蝶10兔子15
??夜色,拾荒者:
飞龙10马鹿12
??夜色,拾荒者:
家猫，老鼠，猪，鸽子，青蛙，马G10  
 蝴蝶20
??夜色,拾荒者:
-蝴蝶20 
??夜色,拾荒者:
宝石30青蛙20
??夜色,拾荒者:
孔雀40
??夜色,拾荒者:
兔子10金鱼15蛇25
??夜色,拾荒者:
马鹿20
??夜色,拾荒者:
大象，猴子，猪，各5
金鱼，白鱼，各10
??夜色,拾荒者:
鸡5元
??夜色,拾荒者:
金鱼，鸡，蜘蛛，鳝鱼各20
&.LING:
,乌龟15兔子45大象5孔雀42宝石45家猫210猪35猴子5白鱼10羊20老虎20老鼠10蛇30蜘蛛30蝴蝶10螃蟹35野猫30金鱼55青蛙30飞龙20马10马鹿32鳝鱼20鸡45鸽子25 合计83416:16:00,wm4,空白格:
鸡30 马20
小猪佩奇:

空白格:
仙鹤20蜘蛛20猴子20蛇20孔雀20
空白格:
黄鳝20鸡20
小猪佩奇:

空白格:
羊10，马10，猪10，螃蟹5，野猫5，螺丝5，青蛙5，金龙50
空白格:
鸡5蝴蝶15家猫15
小猪佩奇:

空白格:
金龙100飞龙100羊100
小猪佩奇:
,仙鹤20孔雀20家猫15猪10猴子20羊110蛇20蜘蛛20蝴蝶15螃蟹5螺蛳5野猫5金龙150青蛙5飞龙100马30鳝鱼20鸡55 合计62515:09:48,h24,&.LING:

??夜色,拾荒者:
青蛙200
&.LING:
,青蛙200 合计20016:42:30,狐狸2,躲在云里看彩虹:
老虎10家猫35鸡10
躲在云里看彩虹:
青蛙30
，黄鳝，猪各5
躲在云里看彩虹:
鳝鱼5 老虎3 猪 5蝴蝶3
躲在云里看彩虹:
猴子5大鹅5
躲在云里看彩虹:
猴子20，猪20，
躲在云里看彩虹:
金龙，飞龙，蛇，各2
躲在云里看彩虹:
家猫，蜘蛛，螃蟹，乌龟，金鱼，白鱼，各3
躲在云里看彩虹:
蛇5
躲在云里看彩虹:
宝石50
躲在云里看彩虹:
马10
躲在云里看彩虹:
青蛙20，大象20，鸽子20，鸡20，家猫10，蝴蝶10
躲在云里看彩虹:
宝石，马，马鹿，大象各3
躲在云里看彩虹:
鸡3
躲在云里看彩虹:
宝石4马2猪3蜘蛛2蛇2金龙2,乌龟3大象23大鹅5宝石57家猫48猪33猴子25白鱼3老虎13蛇9蜘蛛5蝴蝶13螃蟹3金鱼3金龙4青蛙50飞龙2马15马鹿3鳝鱼10鸡33鸽子20 合计38016:16:11,h24,牛300,牛300 合计30016:41:53,鱼2,玫瑰??:
邦伞，家猫10猪10
鱼的记忆:

玫瑰??:
蝴蝶20
玫瑰??:
邦伞

飞龙30，蝴蝶30，虎30
猴子30，金鱼30，猪30
宝石30，鸽子30，兔30
老鼠40，马40，鸡40

合计390
鱼的记忆:

玫瑰??:
马10燕子10猴子10白鱼10金鱼10蝴蝶15孔雀40邦伞合计95
鱼的记忆:

玫瑰??:
飞龙10金鱼10白鱼10邦伞合计30
鱼的记忆:

玫瑰??:
邦伞，白鱼40金鱼10
鱼的记忆:

玫瑰??:
邦伞宝石20马10马鹿20大鹅20白鱼20野猫20家猫10孔雀10老鼠10飞龙10螃蟹10蜘蛛20
鱼的记忆:

玫瑰??:
老鼠100,兔子30大鹅20孔雀50宝石50家猫20燕子10猪40猴子40白鱼80老虎30老鼠150蜘蛛20蝴蝶65螃蟹10野猫20金鱼60飞龙50马60马鹿20鸡40鸽子30 合计89516:16:25,h24,??夜色,拾荒者:
鸡乌龟猴子g20
??夜色,拾荒者:
马鹿，鸡，兔子，燕子，老虎g3，
??夜色,拾荒者:
鸽子50
??夜色,拾荒者:
马鹿30，尼姑70
??夜色,拾荒者:
鸡10燕子10金鱼30
??夜色,拾荒者:
蛇、野猫一样5
??夜色,拾荒者:
邦伞
马鹿25金鱼15孔雀10
??夜色,拾荒者:
燕子5元
??夜色,拾荒者:
马鹿20、鸡20
??夜色,拾荒者:
邦伞马鹿，鸡各10
螺丝5,乌龟20兔子3孔雀10尼姑70燕子18猴子20老虎3蛇5螺蛳5野猫5金鱼45马鹿88鸡63鸽子50 合计40516:42:05,鱼3,缘来如此:
蛇15牛5马5蜘蛛5鸽子10燕子10鸡10金龙5飞龙10合计75
缘来如此:
家猫30野猫20鸽子10
鱼的记忆:

缘来如此:
野猫30乌龟10家猫10鸽子180燕子120宝石10金鱼10白鱼10大象10
鱼的记忆:

缘来如此:
青蛙5牛5
鱼的记忆:
,乌龟10大象10宝石10家猫40燕子130牛10白鱼10蛇15蜘蛛5野猫50金鱼10金龙5青蛙5飞龙10马5鸡10鸽子200 合计53516:16:32,h24,??夜色,拾荒者:
牛5兔子5猪5老虎5金鱼5白鱼 5 鳝鱼 5马5
??夜色,拾荒者:
金鱼20家猫20，红燕15，马鹿5，孔雀10，金鱼50，老鼠25，马10，，大象5鸽子5燕子5 金鱼5金龙5
??夜色,拾荒者:
猴子10
??夜色,拾荒者:
家猫10，燕子10
??夜色,拾荒者:
马鹿10
??夜色,拾荒者:
家猫20马5,兔子5大象5孔雀10家猫50燕子30牛5猪5猴子10白鱼5老虎5老鼠25金鱼80金龙5马20马鹿15鳝鱼5鸽子5 合计28516:01:58,鱼4,鱼的记忆:

星空物语:
金鱼20马鹿20马10螃蟹20羊20
鱼的记忆:
 
星空物语:
乌龟2大鹅2螺蛳2金鱼2马鹿2猴子2鸡2家猫2白鱼2=18
鱼的记忆:
,乌龟2大鹅2家猫2猴子2白鱼2羊20螃蟹20螺蛳2金鱼22马10马鹿22鸡2 合计10816:16:39,h24,&.LING:

??夜色,拾荒者:
大象 兔子 仙鹤 马鹿g5
??夜色,拾荒者:
鸡，螺丝g10
??夜色,拾荒者:
螃蟹20
??夜色,拾荒者:
邦伞猪20,仙鹤5兔子5大象5猪20螃蟹20螺蛳10马鹿5鸡10 合计8016:14:59,鱼4, 星空物语:
鸡40
星空物语:
金龙.3飞龙.3孔雀.3猪.3鸽子.3蛇3螺丝.2合计:20,孔雀3猪3蛇3螺蛳2金龙3飞龙3鸡40鸽子3 合计6016:17:17,h24,??夜色,拾荒者:
野猫20
仙鹤猴子尼姑金鱼各2
??夜色,拾荒者:
大象，马各5
金鱼，鸡各10
??夜色,拾荒者:
猪5
飞龙，金鱼各10
马鹿，飞龙，尼姑，燕子，马各10
??夜色,拾荒者:
猪10蛇30
??夜色,拾荒者:
金龙2
??夜色,拾荒者:
鸡 青蛙g20
??夜色,拾荒者:
鸡5燕子5
??夜色,拾荒者:
兔子大象g10
??夜色,拾荒者:
宝石10
??夜色,拾荒者:
兔子  大象 野猫g20
燕子15 
  孔雀宝石g10
马5
??夜色,拾荒者:
马燕子g5
马鹿野猫g10
家猫20
??夜色,拾荒者:
鸡5飞龙5
??夜色,拾荒者:
马5
??夜色,拾荒者:
邦马鹿6尼姑2
??夜色,拾荒者:
鸡5,仙鹤2兔子30大象35孔雀10宝石20家猫20尼姑14燕子35猪15猴子2蛇30野猫50金鱼22金龙2青蛙20飞龙25马30马鹿26鸡45 合计43316:15:11,鱼4,鱼的记忆:

星空物语:
仙鹤3金鱼3
鱼的记忆:

星空物语:
家猫100羊10螃蟹10
鱼的记忆:

星空物语:
大象10，鸡10马5螺丝10宝石10马路5＝50
星空物语:
 
星空物语:
马160
鱼的记忆:
,仙鹤3大象10宝石10家猫100羊10螃蟹10螺蛳10金鱼3马165马鹿5鸡10 合计33616:17:25,h24,??夜色,拾荒者:
乌龟5，鸡15，青蛙，15
??夜色,拾荒者:
鸡 马鹿 猴子 燕子各150，合600
??夜色,拾荒者:
青蛙 鸡各5
??夜色,拾荒者:
鸡，宝石，蛇各15
??夜色,拾荒者:
鸡15 飞龙5
??夜色,拾荒者:
马，马鹿，大鹅，各10,乌龟5大鹅10宝石15燕子150猴子150蛇15青蛙20飞龙5马10马鹿160鸡200 合计74016:28:20,鱼4,：乌龟，马：宝石：螃蟹，羊各80,乌龟80宝石80羊80螃蟹80马80 合计40016:17:53,h24,??夜色,拾荒者:
乌龟10
??夜色,拾荒者:
金鱼 白鱼 猪g5
??夜色,拾荒者:
白鱼马g5
??夜色,拾荒者:
 
   
    :马鹿 鸡老虎 兔子 燕子各5
??夜色,拾荒者:
老鼠80蛇80
??夜色,拾荒者:
螃蟹50
老虎，猪，牛，猴子，飞龙，兔子各15
??夜色,拾荒者:
马鹿 鸡各45
老虎 兔子 燕子各15
??夜色,拾荒者:
野猫50，飞龙30，乌龟50，孔雀30，马鹿20，鸡15，老虎15，兔子15，燕子15
??夜色,拾荒者:
宝石15，马15
&.LING:
,乌龟60兔子50孔雀30宝石15燕子35牛15猪20猴子15白鱼10老虎50老鼠80蛇80螃蟹50野猫50金鱼5飞龙45马20马鹿70鸡65 合计76516:29:07,鱼4,宝石20家猫5燕子150老鼠150蛇3蝴蝶150马20鸽子150 合计648,宝石-20家猫-5燕子-150老鼠-150蛇-3蝴蝶-150马-20鸽子-150 合计-64816:17:57,h24,&.LING:

??夜色,拾荒者:
大象，蝴蝶各10
??夜色,拾荒者:
家猫，马，猪，青蛙，老鼠，蝴蝶，鸽子，各50
&.LING:
,大象10家猫50猪50老鼠50蝴蝶60青蛙50马50鸽子50 合计37016:29:17,鱼4,燕子150老鼠150蝴蝶150鸽子150 合计600,燕子-150老鼠-150蝴蝶-150鸽子-150 合计-60016:19:01,h24,??夜色,拾荒者:
宝石10
金龙飞龙大鹅g10
??夜色,拾荒者:
仙鹤5，鸽子5
??夜色,拾荒者:
白鱼10
??夜色,拾荒者:
飞龙5，燕子5
??夜色,拾荒者:
鸽子5燕子10金龙5飞龙5
??夜色,拾荒者:
乌龟，马g3
??夜色,拾荒者:
飞龙5金龙5乌龟10蛇10老虎10 青蛙5 牛5  黄鳝 5鸡5 金鱼5
??夜色,拾荒者:
马，马鹿，鸡，金鱼，鳝鱼各I0，
老虎兔子猴子燕子宝石各5
??夜色,拾荒者:
燕子50猪80老虎15
??夜色,拾荒者:
金龙5，飞龙5，燕子5元 ,乌龟13仙鹤5兔子5大鹅10宝石15燕子75牛5猪80猴子5白鱼10老虎30蛇10金鱼15金龙25青蛙5飞龙30马13马鹿10鳝鱼15鸡15鸽子10 合计40116:30:01,鱼4,鱼的记忆:

星空物语:
孔雀螃蟹鸡各5
星空物语:
金龙5
星空物语:
飞龙10螃蟹10野猫5家猫50
鱼的记忆:

星空物语:
马，猪。青蛙。宝石。燕子。蝴蝶。白鱼各30
星空物语:
孔雀5
星空物语:
家猫5,孔雀10宝石30家猫55燕子30猪30白鱼30蝴蝶30螃蟹15野猫5金龙5青蛙30飞龙10马30鸡5 合计31516:19:06,h24,??夜色,拾荒者:
鸡100
??夜色,拾荒者:
蛇10
??夜色,拾荒者:
马鹿40，老鼠10，马5，羊5，猪5，老虎5，牛5，野猫5
??夜色,拾荒者:
金龙35
??夜色,拾荒者:
蛇，鳝鱼，金龙，螃蟹，蜘蛛，飞龙各5
??夜色,拾荒者:
飞龙10蜘蛛5螃蟹5鸽子10,牛5猪5羊5老虎5老鼠10蛇15蜘蛛10螃蟹10野猫5金龙40飞龙15马5马鹿40鳝鱼5鸡100鸽子10 合计28516:30:28,鱼4,星空物语:
乌龟4金鱼5马4
星空物语:
猴子30,乌龟4猴子30金鱼5马4 合计4316:19:28,h24,??夜色,拾荒者:
马5
??夜色,拾荒者:
马鹿40 燕子 20 猴子20  猪20   
??夜色,拾荒者:
鸽子10燕子20
家猫野猫蜘蛛猴子蛇马牛黄鳝g5
??夜色,拾荒者:
 
   
 :马鹿 鸡老虎 兔子 燕子各5
??夜色,拾荒者:
 
   
 马鹿 鸡:老虎 兔子 燕子各5
??夜色,拾荒者:
猪50蜘蛛30马20大象15兔子15鸽子20,兔子25大象15家猫5燕子50牛5猪70猴子25老虎10蛇5蜘蛛35野猫5马30马鹿50鳝鱼5鸡10鸽子30 合计37516:33:17,wm2,：乌龟，马：宝石螃蟹，羊一样2,乌龟2宝石2羊2螃蟹2马2 合计1016:19:38,h24,??夜色,拾荒者:
-猪30 
??夜色,拾荒者:
蜘蛛 螃蟹各30
??夜色,拾荒者:
燕子10
??夜色,拾荒者:
马路鸡各4
??夜色,拾荒者:

   
 马鹿 ，鸡老虎， 兔子， 燕子，马，大鹅各2
飞龙20
??夜色,拾荒者:
家猫2,兔子2大鹅2家猫2燕子12猪-30老虎2蜘蛛30螃蟹30飞龙20马2马鹿6鸡6 合计8416:33:44,wm2,观后感。:
黄鳝蛇金龙飞龙一样2
观后感。:
乌龟3
观后感。:
乌龟青蛙金鱼白鱼一样3
观后感。:
蛇10猴子10兔子10马鹿5
观后感。:
邦伞老虎 大象 蜘蛛  白兔 家猫 野猫 燕子 鸡 金鱼 马g20
 牛，猪，蛇，猴子，宝石，螃蟹，羊，乌龟，马，鳝鱼各20
观后感。:
蛇猪牛鹅蚯蚓孔雀羊一样2
观后感。:
猪10青蛙4 乌龟4羊4兔子4蛇5合计29
观后感。:
  白鱼20 金鱼10 蚯蚓10 猪10 蛇10 猴子50 大鹅20 宝石20 白兔10 螃蟹10 牛50 鸽子30 鸡10 羊10 飞龙10 蜘蛛20 马20 蝴蝶10合计330
观后感。:
鸽子5鸡2老鼠2螃蟹2
观后感。:
猪青蛙金鱼白鱼金龙黄鳝飞龙一样3,乌龟30兔子44大象20大鹅22孔雀2宝石40家猫20燕子20牛72猪45猴子80白鱼26羊36老虎20老鼠2蚯蚓12蛇49蜘蛛40蝴蝶10螃蟹32野猫20金鱼36金龙5青蛙10飞龙15马60马鹿5鳝鱼25鸡32鸽子35 合计86516:19:44,h24,&.LING:

??夜色,拾荒者:
螃蟹蜘蛛大象各40
??夜色,拾荒者:
飞龙20
??夜色,拾荒者:
飞龙8
??夜色,拾荒者:
金鱼100白鱼40鳝鱼50
??夜色,拾荒者:
鳝鱼Io
??夜色,拾荒者:
老虎80马鹿80
??夜色,拾荒者:
孔雀200
??夜色,拾荒者:
燕子10蛇5
??夜色,拾荒者:
鸡10
??夜色,拾荒者:
兔子30，大鹅30，蛇30，宝石30，牛10，马鹿10，螃蟹10，鸡10，宝石30，老虎10，螺丝10，蜘蛛10，合220,兔子30大象40大鹅30孔雀200宝石60燕子10牛10白鱼40老虎90蛇35蜘蛛50螃蟹50螺蛳10金鱼100飞龙28马鹿90鳝鱼60鸡20 合计95315:32:36,wm3,李萍:
邦伞，金鱼80，乌龟100，蝴蝶100，合计280
李萍:
蝴蝶10，家猫10，鸡5，孔雀5，蜘蛛5，飞龙5，合计40
李萍:
大鹅13牛10羊5马鹿5鸽子2合计35
小猪佩奇:
,乌龟100大鹅13孔雀5家猫10牛10羊5蜘蛛5蝴蝶110金鱼80飞龙5马鹿5鸡5鸽子2 合计35516:19:49,h24,兔子30大象40大鹅30孔雀200宝石60燕子10牛10白鱼40老虎90蛇35蜘蛛50螃蟹50螺蛳10金鱼100飞龙28马鹿90鳝鱼60鸡20 合计953,兔子-30大象-40大鹅-30孔雀-200宝石-60燕子-10牛-10白鱼-40老虎-90蛇-35蜘蛛-50螃蟹-50螺蛳-10金鱼-100飞龙-28马鹿-90鳝鱼-60鸡-20 合计-95315:32:40,wm3,小猪佩奇:

李萍:
鸽子10青蛙5金鱼5合计20
李萍:
鸽子10燕子10蜘蛛10合计30
李萍:
蜘蛛50金鱼20家猫10合计80
小猪佩奇:
,家猫10燕子10蜘蛛60金鱼25青蛙5鸽子20 合计13016:19:53,h24,&.LING:

??夜色,拾荒者:
螃蟹蜘蛛大象各40
??夜色,拾荒者:
飞龙20
??夜色,拾荒者:
飞龙8
??夜色,拾荒者:
金鱼100白鱼40鳝鱼50
??夜色,拾荒者:
鳝鱼Io
??夜色,拾荒者:
老虎80马鹿80
??夜色,拾荒者:
孔雀200
??夜色,拾荒者:
燕子10蛇5
??夜色,拾荒者:
鸡10
??夜色,拾荒者:
兔子30，大鹅30，蛇30，宝石30，牛10，马鹿10，螃蟹10，鸡10，宝石30，老虎10，螺丝10，蜘蛛10，合220,兔子30大象40大鹅30孔雀200宝石60燕子10牛10白鱼40老虎90蛇35蜘蛛50螃蟹50螺蛳10金鱼100飞龙28马鹿90鳝鱼60鸡20 合计95315:44:37,wm3,小猪佩奇:

李萍:
黄鳝3，乌龟14。宝石23。大鹅2。大象13。飞龙6，马3，鸡10，螃蟹10，蜘蛛5。马10。白鱼2。合计101
李萍:
飞龙20，老虎5，马5，螃蟹5，合计35
小猪佩奇:

李萍:
野猫5鸡5黄鳝5大象5合计20
小猪佩奇:
 
李萍:
鸽子2，燕子2，白兔2，马5，飞龙2，老虎13。螃蟹10，蝴蝶4，金鱼3。大鹅5，乌龟4，黄鳝2，野猫15，合计69
小猪佩奇:

李萍:
金鱼5白鱼5蛇5蝴蝶5合计20,乌龟18兔子2大象18大鹅7宝石23燕子2白鱼7老虎18蛇5蜘蛛5蝴蝶9螃蟹25野猫20金鱼8飞龙28马23鳝鱼10鸡15鸽子2 合计24516:20:14,h24,??夜色,拾荒者:
鸡，乌龟，燕子，鸽子g5
??夜色,拾荒者:
宝石，仙鹤g10
??夜色,拾荒者:
猪10
??夜色,拾荒者:
燕子孔雀马鹿g5
??夜色,拾荒者:
燕子马鹿金鱼鸡野猫各10元,乌龟5仙鹤10孔雀5宝石10燕子20猪10野猫10金鱼10马鹿15鸡15鸽子5 合计11516:15:33,wm3,小猪佩奇:

李萍:
飞龙10宝石5黄鳝5合计20
李萍:
宝石5马5马鹿5大象5合计20
小猪佩奇:

李萍:
帮伞  金鱼 20乌龟20 黄鳝20  野猫 20 马  10 合计90
小猪佩奇:
,乌龟20大象5宝石10野猫20金鱼20飞龙10马15马鹿5鳝鱼25 合计13016:20:39,h24,&.LING:

??夜色,拾荒者:
燕子，马鹿，各5
??夜色,拾荒者:
孔雀50家猫10
??夜色,拾荒者:
孔雀10
??夜色,拾荒者:
青蛙20
??夜色,拾荒者:
孔雀50
??夜色,拾荒者:
鸡30
??夜色,拾荒者:
蛇，燕子g20
??夜色,拾荒者:
燕子100.马鹿200.野猫50.鸡50.
??夜色,拾荒者:
羊10
??夜色,拾荒者:
燕子50
??夜色,拾荒者:
青蛙蜘蛛各-150
??夜色,拾荒者:
马鹿30仙鹤  20
??夜色,拾荒者:
鸡大象青蛙宝石马猪各10
马鹿40
??夜色,拾荒者:
宝石50鸽子30
家猫野猫鸡燕子各20
??夜色,拾荒者:
螃蟹20
??夜色,拾荒者:
猪50
&.LING:
,仙鹤20大象10孔雀110宝石60家猫30燕子195猪60羊10蛇20蜘蛛-150螃蟹20野猫70青蛙-120马10马鹿275鸡110鸽子30 合计76016:15:45,wm3, 小猪佩奇:

李萍:
邦伞 猴子5 宝石5仙鹤5蝴蝶5
小猪佩奇:

李萍:
飞龙10螃蟹20
小猪佩奇:

李萍:
鸽子10青蛙10野猫5家猫5猴子5合计35
小猪佩奇:

李萍:
螃蟹10，乌龟5，飞龙5，尼姑10。飞龙3，宝石3。兔子2，马3。鸡10，孔雀3。乌龟6，蜘蛛2，老鼠3，合计65
小猪佩奇:
,乌龟11仙鹤5兔子2孔雀3宝石8家猫5尼姑10猴子10老鼠3蜘蛛2蝴蝶5螃蟹30野猫5青蛙10飞龙18马3鸡10鸽子10 合计15016:20:47,h24,&.LING:

??夜色,拾荒者:
鸡5
??夜色,拾荒者:
尼姑野猫各30
??夜色,拾荒者:
鸽子20
??夜色,拾荒者:
蛇10
??夜色,拾荒者:
老鼠8鸡 2
??夜色,拾荒者:
仙鹤50
飞龙金龙各35
??夜色,拾荒者:
邦伞，马鹿，鸡，螃蟹，燕子各5,仙鹤50尼姑30燕子5老鼠8蛇10螃蟹5野猫30金龙35飞龙35马鹿5鸡12鸽子20 合计24516:15:50,wm3,小猪佩奇:

李萍:
邦伞:马 蛇 燕子 猴子 乌龟 金鱼 鳝鱼 尼姑 仙鹤 家猫鸡孔雀 各5，合计60
李萍:
邦伞，家猫5仙鹤10尼姑5乌龟5白鱼5野猫5合计35,乌龟10仙鹤15孔雀5家猫10尼姑10燕子5猴子5白鱼5蛇5野猫5金鱼5马5鳝鱼5鸡5 合计9516:20:56,h24,??夜色,拾荒者:
鸡20元
??夜色,拾荒者:
螃蟹20
??夜色,拾荒者:
螺蛳鳝鱼g10
??夜色,拾荒者:
羊45兔子15
??夜色,拾荒者:
家猫20
??夜色,拾荒者:
马鹿10
??夜色,拾荒者:
蝴蝶，蛇，大鹅，老鼠各10
金鱼20邦伞
??夜色,拾荒者:
螃蟹2
??夜色,拾荒者:
蛇10
??夜色,拾荒者:
牛10鳝鱼10家猫5蛇15兔子5马5，合50,兔子20大鹅10家猫25牛10羊45老鼠10蛇35蝴蝶10螃蟹22螺蛳10金鱼20马5马鹿10鳝鱼20鸡20 合计27215:39:55,wm4, 空白格:
  老鼠650
小猪佩奇:

空白格:
蝴蝶80老鼠80马5
小猪佩奇:

空白格:
马20 金鱼25
小猪佩奇:
,老鼠730蝴蝶80金鱼25马25 合计86016:21:10,h24,??夜色,拾荒者:
马鹿鸡燕子g20
??夜色,拾荒者:
螃蟹5
??夜色,拾荒者:
螃蟹10
??夜色,拾荒者:
鸡青蛙g10
飞龙蛇老鼠老虎马g5
??夜色,拾荒者:
鸡10螃蟹20
燕子，宝石各5
??夜色,拾荒者:
青蛙5......猴子5。。,宝石5燕子25猴子5老虎5老鼠5蛇5螃蟹35青蛙15飞龙5马5马鹿20鸡40 合计17015:39:59,wm4,鸽子500
老虎5
飞龙5
鸡25
夜猫5
蛇15
蜘蛛10
合计565,老虎5蛇15蜘蛛10野猫5飞龙5鸡25鸽子500 合计56516:23:14,h24,&.LING:

??夜色,拾荒者:
螃蟹20
??夜色,拾荒者:
大象10
??夜色,拾荒者:
蝴蝶飞龙兔子马各5
&.LING:

??夜色,拾荒者:
螺丝5螃蟹5
??夜色,拾荒者:
燕孑宝石鸡g5
??夜色,拾荒者:
白鱼金鱼猪g15
??夜色,拾荒者:
鸡5
??夜色,拾荒者:
马鹿马鸡兔子大象猴子螺丝猪家猫老鼠螃蟹白鱼g3 
??夜色,拾荒者:
马鹿30燕子10猴子10乌龟10
&.LING:
,乌龟10兔子8大象13宝石5家猫3燕子15猪18猴子13白鱼18老鼠3蝴蝶5螃蟹28螺蛳8金鱼15飞龙5马8马鹿33鸡13 合计22116:16:02,wm4,空白格:
蛇300
小猪佩奇:

空白格:
飞龙300
小猪佩奇:
,蛇300飞龙300 合计60016:23:28,h24,&.LING:

??夜色,拾荒者:
仙鹤，飞龙，鸡，大象，孔雀，老鼠，尼姑，马，老虎，牛，猪，家猫，青蛙，蛇，野猫，螃蟹，羊，燕子，乌龟各5元
??夜色,拾荒者:
鸡30兔子50飞龙30宝石20牛10乌龟10猴子10燕子10
??夜色,拾荒者:
马蛇燕子猴子白兔各5
??夜色,拾荒者:
大鹅10
 螃蟹蜘蛛g5
蚯蚓g5
??夜色,拾荒者:
老鼠5鸡5
??夜色,拾荒者:
兔子 马鹿 燕子 鸡 飞龙g20,乌龟15仙鹤5兔子75大象5大鹅10孔雀5宝石20家猫5尼姑5燕子40牛15猪5猴子15羊5老虎5老鼠10蚯蚓5蛇10蜘蛛5螃蟹10野猫5青蛙5飞龙55马10马鹿20鸡60 合计42516:42:23,狐狸2,躲在云里看彩虹:
大鹅2
躲在云里看彩虹:
老鼠20猴子10
狐狸～已成精:
.
躲在云里看彩虹:
大鹅5老鼠2孔雀3马2宝石2小兔2白鱼2猴子2
躲在云里看彩虹:
乌龟3
躲在云里看彩虹:
家猫，野猫，蛇，各5
躲在云里看彩虹:
牛10.蝴蝶10
躲在云里看彩虹:
蝴蝶10孔雀20马鹿10
躲在云里看彩虹:
螃蟹30.马鹿20.猪10.老鼠5.野猫10.
躲在云里看彩虹:
金鱼20
躲在云里看彩虹:
青蛙10
躲在云里看彩虹:
蛇金龙飞龙个20
黄鳝40,乌龟3兔子2大鹅7孔雀23宝石2家猫5牛10猪10猴子12白鱼2老鼠27蛇25蝴蝶20螃蟹30野猫15金鱼20金龙20青蛙10飞龙20马2马鹿30鳝鱼40 合计33516:23:31,h24,-牛100,牛-100 合计-10015:51:44,鱼2,玫瑰??:
飞龙野猫黄鳝老鼠鸡老虎马各30
玫瑰??:
飞龙80鸡20老虎20
鱼的记忆:

玫瑰??:
老鼠80蜘蛛40鸽子20燕子10蛇10鸡10邦伞合计170
鱼的记忆:

玫瑰??:
老鼠100
鱼的记忆:

玫瑰??:
家猫30老鼠100飞龙30
鱼的记忆:
,家猫30燕子10老虎50老鼠310蛇10蜘蛛40野猫30飞龙140马30鳝鱼30鸡60鸽子20 合计76015:40:14,wm1,满天星:
老鼠2000鸡1000
满天星:
孔雀60，黄鳝80
小猪佩奇:
稍等
满天星:
猪60，孔雀13
满天星:
马5
小猪佩奇:
-老鼠500,孔雀73猪60老鼠1500马5鳝鱼80鸡1000 合计271815:51:48,鱼2,玫瑰??:
邦伞蚯蚓10黄鳝5
玫瑰??:
马5，鸽子5，老鼠10邦伞合计20,老鼠10蚯蚓10马5鳝鱼5鸽子5 合计3515:40:17,wm1,满天星:
孔雀5
满天星:
尼姑30螃蟹50老鼠50合计130
小猪佩奇:

满天星:
蛇100老鼠50
小猪佩奇:
,孔雀5尼姑30老鼠100蛇100螃蟹50 合计28515:59:04,鱼3,缘来如此:
螺丝10黄鳝10
缘来如此:
孔雀5马5野猫10家猫5
缘来如此:
猴子20孔雀5
鱼的记忆:

缘来如此:
白鱼20金鱼10
鱼的记忆:

缘来如此:
鸡，乌龟，老虎各10
鱼的记忆:
,乌龟10孔雀10家猫5猴子20白鱼20老虎10螺蛳10野猫10金鱼10马5鳝鱼10鸡10 合计13015:40:19,wm1,满天星:
马10，白兔10
满天星:
马鹿宝石老虎尼姑黄鳝大象孔雀燕子各10
小猪佩奇:
,兔子10大象10孔雀10宝石10尼姑10燕子10老虎10马10马鹿10鳝鱼10 合计10015:59:10,鱼3,羊5,羊5 合计515:40:29,wm1,满天星:
邦伞。金鱼2。蝴蝶5，白鱼2，宝石2，鸽子2，老虎2，青蛙5，牛5，合计25
满天星:
孔雀30
满天星:
邦伞，金龙，蛇，黄鳝各10合计30
小猪佩奇:
,孔雀30宝石2牛5白鱼2老虎2蛇10蝴蝶5金鱼2金龙10青蛙5鳝鱼10鸽子2 合计8516:01:50,鱼4,星空物语:
蜘蛛12，螃蟹12，蝴蝶12邦伞
鱼的记忆:

星空物语:
鸽子2蝴蝶2孔雀2合计6
星空物语:
老鼠5
星空物语:
黄鳝20金鱼 10金龙5
星空物语:
蝴蝶15金龙5飞龙5鸽子10燕子5
鱼的记忆:
,孔雀2燕子5老鼠5蜘蛛12蝴蝶29螃蟹12金鱼10金龙10飞龙5鳝鱼20鸽子12 合计12215:40:31,wm1,蝴蝶15,蝴蝶15 合计1516:01:56,鱼4,鱼的记忆:

星空物语:
邦伞：猪10鸡10飞龙10老虎10白鱼5金鱼10蝴蝶5合计60
鱼的记忆:

星空物语:
老鼠3鸽子3乌龟3马3燕子3孔雀5蝴蝶5飞龙5金龙5蜘蛛5家猫5青蛙5鸡5猪5金鱼5合计65
鱼的记忆:

星空物语:
蜘蛛10猪5马鹿10合计25
鱼的记忆:

星空物语:
老鼠2猪2猴子2邦伞
鱼的记忆:
,乌龟3孔雀5家猫5燕子3猪22猴子2白鱼5老虎10老鼠5蜘蛛15蝴蝶10金鱼15金龙5青蛙5飞龙15马3马鹿10鸡15鸽子3 合计15616:33:56,wm1, 
满天星:
青蛙5
猪～5
合计10
满天星:
飞龙30
野猫10
老鼠10
鸡～10
羊～10
金龙10
合计80
小猪佩奇:
,猪5羊10老鼠10野猫10金龙10青蛙5飞龙30鸡10 合计9016:02:07,鱼4,星空物语:
牛5猪5
星空物语:
金龙5飞龙5鸡5螃蟹5合计20
星空物语:
牛3
星空物语:
青蛙5蜘蛛5鸡5合计15
星空物语:
螺丝3
星空物语:
仙鹤3兔子3合计6
星空物语:
 
星空物语:
乌龟，老虎，各3合计6
星空物语:
孔雀 30
星空物语:
金龙，飞龙各5块合计10
星空物语:
猪3宝石3马3合计9
星空物语:
白鱼5猪5蛇5大鹅5大象10孔雀5合计35
星空物语:
鸡6,乌龟3仙鹤3兔子3大象10大鹅5孔雀35宝石3牛8猪13白鱼5老虎3蛇5蜘蛛5螃蟹5螺蛳3金龙10青蛙5飞龙10马3鸡16 合计15316:34:00,wm1,满天星:
邦伞蝴蝶200
小猪佩奇:

满天星:
野猫10老虎5合计15
小猪佩奇:

满天星:
老鼠10金鱼10家猫5野猫5猪5，合计35
满天星:
燕子5青蛙5，合计10
小猪佩奇:

满天星:
蝴蝶10
黄鱼5
家猫5
合计20
小猪佩奇:

满天星:
蝴蝶10
满天星:
金龙30螃蟹20蜘蛛30合计80
小猪佩奇:
 
满天星:
 飞龙400
小猪佩奇:

满天星:
老虎5，白鹤5
小猪佩奇:

满天星:
飞龙100
小猪佩奇:
,仙鹤5家猫10燕子5猪5老虎10老鼠10蜘蛛30蝴蝶220螃蟹20野猫15金鱼10金龙30青蛙5飞龙500鳝鱼5 合计88016:02:25,鱼4,星空物语:
鸽子3
星空物语:
蝴蝶85宝石83邦伞
星空物语:
老虎280.燕子60.宝石60
星空物语:
邦伞    燕子鸡蝴蝶青蛙孔雀蛇野猫老虎宝石尼姑飞龙鸽子各32
星空物语:
牛，马各:20
大鹅，大象各:10,大象10大鹅10孔雀32宝石175尼姑32燕子92牛20老虎312蛇32蝴蝶117野猫32青蛙32飞龙32马20鸡32鸽子35 合计101516:34:09,wm1,小猪佩奇:

满天星:
邦伞猪10蛇15螃蟹5合计30
小猪佩奇:

满天星:
黄鳝30马20
小猪佩奇:

满天星:
兔子15蛇15合计30
满天星:
野猫30 
小猪佩奇:

满天星:
飞龙110
满天星:
邦伞鳝鱼5老鼠5
满天星:
羊25猴子15合计40
小猪佩奇:
-飞龙110
满天星:
青蛙10，猪10，合计20
小猪佩奇:

满天星:
青蛙30乌龟20鸽子30飞龙20，合计100
满天星:
 鸡300,乌龟20兔子15猪20猴子15羊25老鼠5蛇30螃蟹5野猫30青蛙40飞龙20马20鳝鱼35鸡300鸽子30 合计61016:15:01,鱼4,鱼的记忆:

星空物语:
孔雀5大鹅5宝石10兔子5猪5
星空物语:
鸽子10孔雀10蝴蝶5
星空物语:
野猫，老鼠各6
星空物语:
宝石5马5马鹿5飞龙5
星空物语:
邦伞，鸽子，宝石各3,兔子5大鹅5孔雀15宝石18猪5老鼠6蝴蝶5野猫6飞龙5马5马鹿5鸽子13 合计9316:34:19,wm1,小猪佩奇:
稍等
满天星:
鸡200
满天星:
羊，螺丝，螃蟹各10
满天星:
老虎100
满天星:
蝴蝶40鸡50
小猪佩奇:
-鸡500
小猪佩奇:
稍等
小猪佩奇:
 
满天星:
 ,羊10老虎100蝴蝶40螃蟹10螺蛳10鸡-250 合计-8016:15:07,鱼4,鱼的记忆:

星空物语:
鸽子10燕子10仙鹤10宝石10蝴蝶10邦伞
星空物语:
兔子2马鹿2老虎2大鹅2螃蟹2宝石2邦伞
星空物语:
白鱼2
星空物语:
鸽子，金鱼各300
星空物语:
蜘蛛5
星空物语:
猪5，蛇5，大鹅5，螃蟹5，蜘蛛5=25
星空物语:
金鱼20
星空物语:
猪10
鱼的记忆:
,仙鹤10兔子2大鹅7宝石12燕子10猪15白鱼2老虎2蛇5蜘蛛10蝴蝶10螃蟹7金鱼320马鹿2鸽子310 合计72416:00:38,wm2,观后感。:


蛇，猪，猴子，鸡，牛，孔雀，大鹅，马鹿各5
观后感。:
飞龙20
观后感。:
蛇5，蝴蝶5
观后感。:
 大鹅2 牛2
小猪佩奇:
,大鹅7孔雀5牛7猪5猴子5蛇10蝴蝶5飞龙20马鹿5鸡5 合计7416:15:14,鱼4,鱼的记忆:

星空物语:
兔子螃蟹邦伞各2
星空物语:
马鹿5螺丝5蜘蛛5=15邦伞
星空物语:
老虎5.兔子5猪5牛5
星空物语:
鸡5燕子40=45
星空物语:
蝴蝶200
鱼的记忆:
,兔子7燕子40牛5猪5老虎5蜘蛛5蝴蝶200螃蟹2螺蛳5马鹿5鸡5 合计28416:00:40,wm2,观后感。:
孔雀2
观后感。:
老鼠。2
观后感。:
邦伞  老鼠10鸡5燕子4鸽子3蝴蝶3马5合计30
观后感。:
鸽子3燕子2
观后感。:
帮伞宝石8飞龙10金龙6
小猪佩奇:
,孔雀2宝石8燕子6老鼠12蝴蝶3金龙6飞龙10马5鸡5鸽子6 合计6316:28:16,鱼4,星空物语:
买：鸽子，燕子，老鼠，蝴蝶各150
鱼的记忆:

星空物语:
宝石20马20
星空物语:
家猫5蛇3
鱼的记忆:
,宝石20家猫5燕子150老鼠150蛇3蝴蝶150马20鸽子150 合计64816:00:43,wm2,观后感。:
螺丝 3老鼠5 青蛙10 蛇 5 蝴蝶5 家猫 5 鳝鱼 5乌龟3 老虎 3 帮上
观后感。:
绑伞蛇3  猴子2  孔雀2
观后感。:
邦伞  鸽子800
观后感。:
飞龙80
观后感。:
白鱼320
小猪佩奇:

观后感。:
邦伞孔雀10.鸽子5.
小猪佩奇:
,乌龟3孔雀12家猫5猴子2白鱼320老虎3老鼠5蛇8蝴蝶5螺蛳3青蛙10飞龙80鳝鱼5鸽子805 合计126616:28:31,鱼4,鱼的记忆:

星空物语:
蛇，鳝鱼，鸽子，燕子，金鱼，白鱼，大象，螃蟹，野猫，鸡，牛各2块合计22
星空物语:
飞龙20
星空物语:
蝴蝶5家猫5
星空物语:
金龙5
星空物语:
大象3，鸡3，大鹅3，鸡3，羊3，螺丝3，邦伞
星空物语:
宝石5马鹿2孔雀2螃蟹2合计11
星空物语:
邦伞，老鼠5，大鹅5，青蛙5飞龙5，螃蟹5金龙5羊5马5金鱼5，
星空物语:
蜘蛛8
星空物语:
鸽子 10螃蟹10 乌龟3
鱼的记忆:
,乌龟3大象5大鹅8孔雀2宝石5家猫5燕子2牛2白鱼2羊8老鼠5蛇2蜘蛛8蝴蝶5螃蟹19螺蛳3野猫2金鱼7金龙10青蛙5飞龙25马5马鹿2鳝鱼2鸡8鸽子12 合计16216:00:51,wm2,小猪佩奇:

观后感。:
邦伞宝石5元金鱼2螃蟹2元合9元
小猪佩奇:

观后感。:
马5宝石5
小猪佩奇:
,宝石10螃蟹2金鱼2马5 合计1916:29:05,鱼4,乌龟80宝石80羊80螃蟹80马80 合计400,乌龟-80宝石-80羊-80螃蟹-80马-80 合计-40016:00:54,wm2,黄鳝10，家猫50，野猫50，飞龙30，蝴蝶30，老鼠20，螃蟹50，孔雀20，老虎30合计：290,孔雀20家猫50老虎30老鼠20蝴蝶30螃蟹50野猫50飞龙30鳝鱼10 合计29016:29:10,鱼4, 星空物语:
买：鸽子，燕子，老鼠，蝴蝶各150
鱼的记忆:
,燕子150老鼠150蝴蝶150鸽子150 合计60016:00:59,wm2,观后感。:
金龙10白鱼5合计15
小猪佩奇:

观后感。:
家猫20尼姑20鸡20宝石10飞龙10马10白鱼10螃蟹10合计110
观后感。:
大鹅10
观后感。:
鸡170
小猪佩奇:
,大鹅10宝石10家猫20尼姑20白鱼15螃蟹10金龙10飞龙10马10鸡190 合计30516:29:17,鱼4,宝石20家猫5蛇3马20 合计48,宝石-20家猫-5蛇-3马-20 合计-4816:01:11,wm2, 小猪佩奇:

观后感。:
飞龙50蝴蝶10鸽子10
小猪佩奇:

观后感。:
金龙5家猫5蝴蝶5猴子5合计20
小猪佩奇:

观后感。:
马，猴子，野猫一样10半伞
小猪佩奇:

观后感。:
金鱼10野猫10
白鱼黄鳝各5,家猫5猴子15白鱼5蝴蝶15野猫20金鱼10金龙5飞龙50马10鳝鱼5鸽子10 合计15016:29:22,鱼4,星空物语:
买：鸽子，燕子，老鼠，蝴蝶各150
鱼的记忆:

星空物语:
宝石20马20
星空物语:
家猫5蛇3
鱼的记忆:

 
星空物语:
：乌龟，马：宝石：螃蟹，羊各80,乌龟80宝石100家猫5燕子150羊80老鼠150蛇3蝴蝶150螃蟹80马100鸽子150 合计104816:32:12,wm2,小猪佩奇:

观后感。:
黄鳝10
观后感。:
白鱼 5马鹿20仙鹤20大象20猴子5蝴蝶5帮伞
观后感。:
帮上牛，2猪，2蛇，10猴子，2宝石，2白兔，2螃蟹，3鸡，2羊2燕子3合30
小猪佩奇:

观后感。:
马5宝石5
观后感。:


宝石 鸡 家猫 大象老鼠 黄鳝 蜘蛛 青蛙一样100
观后感。:
班伞:孔雀40，蝴蝶100，蛇70，老鼠40，家猫30，金鱼40，鸡30，燕子50，猪80，牛80，鸽子60，黄鳝30，飞龙50，合计:670
小猪佩奇:
,仙鹤20兔子2大象120孔雀40宝石107家猫130燕子53牛82猪82猴子7白鱼5羊2老鼠140蛇80蜘蛛100蝴蝶105螃蟹3金鱼40青蛙100飞龙50马5马鹿20鳝鱼140鸡132鸽子60 合计162516:29:53,鱼4,鱼的记忆:

星空物语:
蜘蛛8
星空物语:
乌龟3
星空物语:
鸽子 10螃蟹10 
 ,乌龟3蜘蛛8螃蟹10鸽子10 合计3116:32:57,wm2, 观后感。:
帮伞，鸽子，燕子，猴子，一样3
观后感。:
猪5青蛙5马3孔雀3老虎3仙鹤3金鱼5猴子15蛇10大鹅5宝石5兔子15鸽子3燕子3金龙10螃蟹5
观后感。:
鸽子 燕子猴子兔子 猪 青蛙 牛 蜘蛛 蝴蝶一样3
观后感。:

猪，野猫，猴子，蜘蛛 马 ，螃蟹，兔子，仙鹤，家猫，蛇一样100
观后感。:
鸽子 燕子猴子兔子 猪 青蛙 牛 蜘蛛 蝴蝶一样3
观后感。:
孔雀2 蛇2 蝴蝶2 飞龙2 合计8 
观后感。:
鸽子5青蛙3猪3
观后感。:
白鱼5金鱼3
观后感。:
邦伞家猫5野猫5鸽子5马鹿5孔雀5合计25
观后感。:
马鹿5牛5马3
观后感。:
帮伞青蛙，猪，蜘蛛各3
观后感。:
班伞:宝石50，白兔50，合计:100
小猪佩奇:
,仙鹤103兔子171大鹅5孔雀10宝石55家猫105燕子12牛11猪117猴子124白鱼5老虎3蛇112蜘蛛109蝴蝶8螃蟹105野猫105金鱼8金龙10青蛙17飞龙2马106马鹿10鸽子22 合计133516:30:18,鱼4,鱼的记忆:

星空物语:
 -鸽子10-螃蟹10-乌龟3
星空物语:
燕子3，青蛙3邦伞
星空物语:
飞龙2宝石3螺蛳3孔雀2合计10
星空物语:
邦伞，家猫5
鱼的记忆:
,乌龟-3孔雀2宝石3家猫5燕子3螃蟹-10螺蛳3青蛙3飞龙2鸽子-10 合计-216:33:01,wm2,小猪佩奇:

观后感。:
宝石40马40马鹿40大象40牛40羊40合计240
观后感。:
猪40野猫40猴子40蜘蛛40马40螃蟹40白兔40仙鹤40家猫40蛇40合计400
观后感。:
蝴蝶5鸽子10老鼠5合计20
观后感。:
螃蟹5蛛蛛5老鼠5白兔5合计20
小猪佩奇:

观后感。:
马鹿老鼠家猫野猫蛇大鹅白兔各5
观后感。:
邦 猪2 宝石 2
观后感。:
孔雀5鸡3
观后感。:
 帮伞牛 50猪10 蚯蚓 15猴子10 燕子10
观后感。:
鸽子20蝴蝶15蜘蛛10燕子10孔雀10马10宝石15金鱼20家猫5白鱼20
观后感。:
邦伞羊10螃蟹10合计20,仙鹤40兔子50大象40大鹅5孔雀15宝石57家猫50燕子20牛90猪52猴子50白鱼20羊50老鼠15蚯蚓15蛇45蜘蛛55蝴蝶20螃蟹55野猫45金鱼20马90马鹿45鸡3鸽子30 合计97716:30:26,鱼4,星空物语:
蜘蛛20，大象20
鱼的记忆:
鸡-40
 ,大象20蜘蛛20鸡-40 合计016:33:04,wm2,观后感。:
黄鳝40牛40白兔40羊40飞龙40马鹿40蜘蛛40螃蟹40蝴蝶40蛇40乌龟40鸽子40金鱼40鸡40老虎40合计500
观后感。:
乌龟螃蟹羊各5
观后感。:
猪2野猫3螃蟹5
小猪佩奇:
,乌龟45兔子40牛40猪2羊45老虎40蛇40蜘蛛40蝴蝶40螃蟹50野猫3金鱼40飞龙40马鹿40鳝鱼40鸡40鸽子40 合计62516:30:40,鱼4,鱼的记忆:

星空物语:
兔子宝石g30
老虎大鹅螃蟹宝石各30
星空物语:
邦伞
鸽子20
星空物语:
猴子3
星空物语:
飞龙5
鱼的记忆:

星空物语:
孔雀15
鱼的记忆:

星空物语:
-宝石30
鱼的记忆:
好
鱼的记忆:
 ,兔子30大鹅30孔雀15宝石30猴子3老虎30螃蟹30飞龙5鸽子20 合计19316:33:07,wm2,小猪佩奇:

观后感。:
鸡120
观后感。:
鸡50
观后感。:
乌龟5马5宝石5螃蟹5羊5黄鳝5鸡20合计50
观后感。:
乌龟40马40宝石40螃蟹40羊40合计200
观后感。:

宝石40马40飞龙40大鹅40尼姑40蛇40孔雀40猴子40螺丝40蚯蚓40乌龟40合计440


观后感。:
鸡50
小猪佩奇:
,乌龟85大鹅40孔雀40宝石85尼姑40猴子40羊45蚯蚓40蛇40螃蟹45螺蛳40飞龙40马85鳝鱼5鸡240 合计91015:45:26,h22,安安:
青蛙30蝴蝶10鸡5，金鱼5，白兔3，仙鹤3，大鹅2，黄善3，蜘蛛3，
&.LING:
-蝴蝶10
&.LING:

安安:
鸽子30青蛙20邦伞，螃蟹50，蝴蝶30，
&.LING:
-蝴蝶30
&.LING:

安安:
飞龙1500金龙1500
&.LING:
，
&.LING:

安安:
螺丝20 飞龙30  羊5 黄鳝20 尼姑10=85
安安:
马50飞龙2。马2邦上猴子10 大鹅10 老鼠5 黄鳝5,仙鹤3兔子3大鹅12尼姑10猴子10羊5老鼠5蜘蛛3蝴蝶0螃蟹50螺蛳20金鱼5金龙1500青蛙50飞龙1532马52鳝鱼28鸡5鸽子30 合计3323